email,password
user0001@test.com,strongPassword123
user0002@test.com,strongPassword123
user0003@test.com,strongPassword123
user0004@test.com,strongPassword123
user0005@test.com,strongPassword123
user0006@test.com,strongPassword123
user0007@test.com,strongPassword123
user0008@test.com,strongPassword123
user0009@test.com,strongPassword123
user0010@test.com,strongPassword123
user0011@test.com,strongPassword123
user0012@test.com,strongPassword123
user0013@test.com,strongPassword123
user0014@test.com,strongPassword123
user0015@test.com,strongPassword123
user0016@test.com,strongPassword123
user0017@test.com,strongPassword123
user0018@test.com,strongPassword123
user0019@test.com,strongPassword123
user0020@test.com,strongPassword123
user0021@test.com,strongPassword123
user0022@test.com,strongPassword123
user0023@test.com,strongPassword123
user0024@test.com,strongPassword123
user0025@test.com,strongPassword123
user0026@test.com,strongPassword123
user0027@test.com,strongPassword123
user0028@test.com,strongPassword123
user0029@test.com,strongPassword123
user0030@test.com,strongPassword123
user0031@test.com,strongPassword123
user0032@test.com,strongPassword123
user0033@test.com,strongPassword123
user0034@test.com,strongPassword123
user0035@test.com,strongPassword123
user0036@test.com,strongPassword123
user0037@test.com,strongPassword123
user0038@test.com,strongPassword123
user0039@test.com,strongPassword123
user0040@test.com,strongPassword123
user0041@test.com,strongPassword123
user0042@test.com,strongPassword123
user0043@test.com,strongPassword123
user0044@test.com,strongPassword123
user0045@test.com,strongPassword123
user0046@test.com,strongPassword123
user0047@test.com,strongPassword123
user0048@test.com,strongPassword123
user0049@test.com,strongPassword123
user0050@test.com,strongPassword123
user0051@test.com,strongPassword123
user0052@test.com,strongPassword123
user0053@test.com,strongPassword123
user0054@test.com,strongPassword123
user0055@test.com,strongPassword123
user0056@test.com,strongPassword123
user0057@test.com,strongPassword123
user0058@test.com,strongPassword123
user0059@test.com,strongPassword123
user0060@test.com,strongPassword123
user0061@test.com,strongPassword123
user0062@test.com,strongPassword123
user0063@test.com,strongPassword123
user0064@test.com,strongPassword123
user0065@test.com,strongPassword123
user0066@test.com,strongPassword123
user0067@test.com,strongPassword123
user0068@test.com,strongPassword123
user0069@test.com,strongPassword123
user0070@test.com,strongPassword123
user0071@test.com,strongPassword123
user0072@test.com,strongPassword123
user0073@test.com,strongPassword123
user0074@test.com,strongPassword123
user0075@test.com,strongPassword123
user0076@test.com,strongPassword123
user0077@test.com,strongPassword123
user0078@test.com,strongPassword123
user0079@test.com,strongPassword123
user0080@test.com,strongPassword123
user0081@test.com,strongPassword123
user0082@test.com,strongPassword123
user0083@test.com,strongPassword123
user0084@test.com,strongPassword123
user0085@test.com,strongPassword123
user0086@test.com,strongPassword123
user0087@test.com,strongPassword123
user0088@test.com,strongPassword123
user0089@test.com,strongPassword123
user0090@test.com,strongPassword123
user0091@test.com,strongPassword123
user0092@test.com,strongPassword123
user0093@test.com,strongPassword123
user0094@test.com,strongPassword123
user0095@test.com,strongPassword123
user0096@test.com,strongPassword123
user0097@test.com,strongPassword123
user0098@test.com,strongPassword123
user0099@test.com,strongPassword123
user0100@test.com,strongPassword123
user0101@test.com,strongPassword123
user0102@test.com,strongPassword123
user0103@test.com,strongPassword123
user0104@test.com,strongPassword123
user0105@test.com,strongPassword123
user0106@test.com,strongPassword123
user0107@test.com,strongPassword123
user0108@test.com,strongPassword123
user0109@test.com,strongPassword123
user0110@test.com,strongPassword123
user0111@test.com,strongPassword123
user0112@test.com,strongPassword123
user0113@test.com,strongPassword123
user0114@test.com,strongPassword123
user0115@test.com,strongPassword123
user0116@test.com,strongPassword123
user0117@test.com,strongPassword123
user0118@test.com,strongPassword123
user0119@test.com,strongPassword123
user0120@test.com,strongPassword123
user0121@test.com,strongPassword123
user0122@test.com,strongPassword123
user0123@test.com,strongPassword123
user0124@test.com,strongPassword123
user0125@test.com,strongPassword123
user0126@test.com,strongPassword123
user0127@test.com,strongPassword123
user0128@test.com,strongPassword123
user0129@test.com,strongPassword123
user0130@test.com,strongPassword123
user0131@test.com,strongPassword123
user0132@test.com,strongPassword123
user0133@test.com,strongPassword123
user0134@test.com,strongPassword123
user0135@test.com,strongPassword123
user0136@test.com,strongPassword123
user0137@test.com,strongPassword123
user0138@test.com,strongPassword123
user0139@test.com,strongPassword123
user0140@test.com,strongPassword123
user0141@test.com,strongPassword123
user0142@test.com,strongPassword123
user0143@test.com,strongPassword123
user0144@test.com,strongPassword123
user0145@test.com,strongPassword123
user0146@test.com,strongPassword123
user0147@test.com,strongPassword123
user0148@test.com,strongPassword123
user0149@test.com,strongPassword123
user0150@test.com,strongPassword123
user0151@test.com,strongPassword123
user0152@test.com,strongPassword123
user0153@test.com,strongPassword123
user0154@test.com,strongPassword123
user0155@test.com,strongPassword123
user0156@test.com,strongPassword123
user0157@test.com,strongPassword123
user0158@test.com,strongPassword123
user0159@test.com,strongPassword123
user0160@test.com,strongPassword123
user0161@test.com,strongPassword123
user0162@test.com,strongPassword123
user0163@test.com,strongPassword123
user0164@test.com,strongPassword123
user0165@test.com,strongPassword123
user0166@test.com,strongPassword123
user0167@test.com,strongPassword123
user0168@test.com,strongPassword123
user0169@test.com,strongPassword123
user0170@test.com,strongPassword123
user0171@test.com,strongPassword123
user0172@test.com,strongPassword123
user0173@test.com,strongPassword123
user0174@test.com,strongPassword123
user0175@test.com,strongPassword123
user0176@test.com,strongPassword123
user0177@test.com,strongPassword123
user0178@test.com,strongPassword123
user0179@test.com,strongPassword123
user0180@test.com,strongPassword123
user0181@test.com,strongPassword123
user0182@test.com,strongPassword123
user0183@test.com,strongPassword123
user0184@test.com,strongPassword123
user0185@test.com,strongPassword123
user0186@test.com,strongPassword123
user0187@test.com,strongPassword123
user0188@test.com,strongPassword123
user0189@test.com,strongPassword123
user0190@test.com,strongPassword123
user0191@test.com,strongPassword123
user0192@test.com,strongPassword123
user0193@test.com,strongPassword123
user0194@test.com,strongPassword123
user0195@test.com,strongPassword123
user0196@test.com,strongPassword123
user0197@test.com,strongPassword123
user0198@test.com,strongPassword123
user0199@test.com,strongPassword123
user0200@test.com,strongPassword123
user0201@test.com,strongPassword123
user0202@test.com,strongPassword123
user0203@test.com,strongPassword123
user0204@test.com,strongPassword123
user0205@test.com,strongPassword123
user0206@test.com,strongPassword123
user0207@test.com,strongPassword123
user0208@test.com,strongPassword123
user0209@test.com,strongPassword123
user0210@test.com,strongPassword123
user0211@test.com,strongPassword123
user0212@test.com,strongPassword123
user0213@test.com,strongPassword123
user0214@test.com,strongPassword123
user0215@test.com,strongPassword123
user0216@test.com,strongPassword123
user0217@test.com,strongPassword123
user0218@test.com,strongPassword123
user0219@test.com,strongPassword123
user0220@test.com,strongPassword123
user0221@test.com,strongPassword123
user0222@test.com,strongPassword123
user0223@test.com,strongPassword123
user0224@test.com,strongPassword123
user0225@test.com,strongPassword123
user0226@test.com,strongPassword123
user0227@test.com,strongPassword123
user0228@test.com,strongPassword123
user0229@test.com,strongPassword123
user0230@test.com,strongPassword123
user0231@test.com,strongPassword123
user0232@test.com,strongPassword123
user0233@test.com,strongPassword123
user0234@test.com,strongPassword123
user0235@test.com,strongPassword123
user0236@test.com,strongPassword123
user0237@test.com,strongPassword123
user0238@test.com,strongPassword123
user0239@test.com,strongPassword123
user0240@test.com,strongPassword123
user0241@test.com,strongPassword123
user0242@test.com,strongPassword123
user0243@test.com,strongPassword123
user0244@test.com,strongPassword123
user0245@test.com,strongPassword123
user0246@test.com,strongPassword123
user0247@test.com,strongPassword123
user0248@test.com,strongPassword123
user0249@test.com,strongPassword123
user0250@test.com,strongPassword123
user0251@test.com,strongPassword123
user0252@test.com,strongPassword123
user0253@test.com,strongPassword123
user0254@test.com,strongPassword123
user0255@test.com,strongPassword123
user0256@test.com,strongPassword123
user0257@test.com,strongPassword123
user0258@test.com,strongPassword123
user0259@test.com,strongPassword123
user0260@test.com,strongPassword123
user0261@test.com,strongPassword123
user0262@test.com,strongPassword123
user0263@test.com,strongPassword123
user0264@test.com,strongPassword123
user0265@test.com,strongPassword123
user0266@test.com,strongPassword123
user0267@test.com,strongPassword123
user0268@test.com,strongPassword123
user0269@test.com,strongPassword123
user0270@test.com,strongPassword123
user0271@test.com,strongPassword123
user0272@test.com,strongPassword123
user0273@test.com,strongPassword123
user0274@test.com,strongPassword123
user0275@test.com,strongPassword123
user0276@test.com,strongPassword123
user0277@test.com,strongPassword123
user0278@test.com,strongPassword123
user0279@test.com,strongPassword123
user0280@test.com,strongPassword123
user0281@test.com,strongPassword123
user0282@test.com,strongPassword123
user0283@test.com,strongPassword123
user0284@test.com,strongPassword123
user0285@test.com,strongPassword123
user0286@test.com,strongPassword123
user0287@test.com,strongPassword123
user0288@test.com,strongPassword123
user0289@test.com,strongPassword123
user0290@test.com,strongPassword123
user0291@test.com,strongPassword123
user0292@test.com,strongPassword123
user0293@test.com,strongPassword123
user0294@test.com,strongPassword123
user0295@test.com,strongPassword123
user0296@test.com,strongPassword123
user0297@test.com,strongPassword123
user0298@test.com,strongPassword123
user0299@test.com,strongPassword123
user0300@test.com,strongPassword123
user0301@test.com,strongPassword123
user0302@test.com,strongPassword123
user0303@test.com,strongPassword123
user0304@test.com,strongPassword123
user0305@test.com,strongPassword123
user0306@test.com,strongPassword123
user0307@test.com,strongPassword123
user0308@test.com,strongPassword123
user0309@test.com,strongPassword123
user0310@test.com,strongPassword123
user0311@test.com,strongPassword123
user0312@test.com,strongPassword123
user0313@test.com,strongPassword123
user0314@test.com,strongPassword123
user0315@test.com,strongPassword123
user0316@test.com,strongPassword123
user0317@test.com,strongPassword123
user0318@test.com,strongPassword123
user0319@test.com,strongPassword123
user0320@test.com,strongPassword123
user0321@test.com,strongPassword123
user0322@test.com,strongPassword123
user0323@test.com,strongPassword123
user0324@test.com,strongPassword123
user0325@test.com,strongPassword123
user0326@test.com,strongPassword123
user0327@test.com,strongPassword123
user0328@test.com,strongPassword123
user0329@test.com,strongPassword123
user0330@test.com,strongPassword123
user0331@test.com,strongPassword123
user0332@test.com,strongPassword123
user0333@test.com,strongPassword123
user0334@test.com,strongPassword123
user0335@test.com,strongPassword123
user0336@test.com,strongPassword123
user0337@test.com,strongPassword123
user0338@test.com,strongPassword123
user0339@test.com,strongPassword123
user0340@test.com,strongPassword123
user0341@test.com,strongPassword123
user0342@test.com,strongPassword123
user0343@test.com,strongPassword123
user0344@test.com,strongPassword123
user0345@test.com,strongPassword123
user0346@test.com,strongPassword123
user0347@test.com,strongPassword123
user0348@test.com,strongPassword123
user0349@test.com,strongPassword123
user0350@test.com,strongPassword123
user0351@test.com,strongPassword123
user0352@test.com,strongPassword123
user0353@test.com,strongPassword123
user0354@test.com,strongPassword123
user0355@test.com,strongPassword123
user0356@test.com,strongPassword123
user0357@test.com,strongPassword123
user0358@test.com,strongPassword123
user0359@test.com,strongPassword123
user0360@test.com,strongPassword123
user0361@test.com,strongPassword123
user0362@test.com,strongPassword123
user0363@test.com,strongPassword123
user0364@test.com,strongPassword123
user0365@test.com,strongPassword123
user0366@test.com,strongPassword123
user0367@test.com,strongPassword123
user0368@test.com,strongPassword123
user0369@test.com,strongPassword123
user0370@test.com,strongPassword123
user0371@test.com,strongPassword123
user0372@test.com,strongPassword123
user0373@test.com,strongPassword123
user0374@test.com,strongPassword123
user0375@test.com,strongPassword123
user0376@test.com,strongPassword123
user0377@test.com,strongPassword123
user0378@test.com,strongPassword123
user0379@test.com,strongPassword123
user0380@test.com,strongPassword123
user0381@test.com,strongPassword123
user0382@test.com,strongPassword123
user0383@test.com,strongPassword123
user0384@test.com,strongPassword123
user0385@test.com,strongPassword123
user0386@test.com,strongPassword123
user0387@test.com,strongPassword123
user0388@test.com,strongPassword123
user0389@test.com,strongPassword123
user0390@test.com,strongPassword123
user0391@test.com,strongPassword123
user0392@test.com,strongPassword123
user0393@test.com,strongPassword123
user0394@test.com,strongPassword123
user0395@test.com,strongPassword123
user0396@test.com,strongPassword123
user0397@test.com,strongPassword123
user0398@test.com,strongPassword123
user0399@test.com,strongPassword123
user0400@test.com,strongPassword123
user0401@test.com,strongPassword123
user0402@test.com,strongPassword123
user0403@test.com,strongPassword123
user0404@test.com,strongPassword123
user0405@test.com,strongPassword123
user0406@test.com,strongPassword123
user0407@test.com,strongPassword123
user0408@test.com,strongPassword123
user0409@test.com,strongPassword123
user0410@test.com,strongPassword123
user0411@test.com,strongPassword123
user0412@test.com,strongPassword123
user0413@test.com,strongPassword123
user0414@test.com,strongPassword123
user0415@test.com,strongPassword123
user0416@test.com,strongPassword123
user0417@test.com,strongPassword123
user0418@test.com,strongPassword123
user0419@test.com,strongPassword123
user0420@test.com,strongPassword123
user0421@test.com,strongPassword123
user0422@test.com,strongPassword123
user0423@test.com,strongPassword123
user0424@test.com,strongPassword123
user0425@test.com,strongPassword123
user0426@test.com,strongPassword123
user0427@test.com,strongPassword123
user0428@test.com,strongPassword123
user0429@test.com,strongPassword123
user0430@test.com,strongPassword123
user0431@test.com,strongPassword123
user0432@test.com,strongPassword123
user0433@test.com,strongPassword123
user0434@test.com,strongPassword123
user0435@test.com,strongPassword123
user0436@test.com,strongPassword123
user0437@test.com,strongPassword123
user0438@test.com,strongPassword123
user0439@test.com,strongPassword123
user0440@test.com,strongPassword123
user0441@test.com,strongPassword123
user0442@test.com,strongPassword123
user0443@test.com,strongPassword123
user0444@test.com,strongPassword123
user0445@test.com,strongPassword123
user0446@test.com,strongPassword123
user0447@test.com,strongPassword123
user0448@test.com,strongPassword123
user0449@test.com,strongPassword123
user0450@test.com,strongPassword123
user0451@test.com,strongPassword123
user0452@test.com,strongPassword123
user0453@test.com,strongPassword123
user0454@test.com,strongPassword123
user0455@test.com,strongPassword123
user0456@test.com,strongPassword123
user0457@test.com,strongPassword123
user0458@test.com,strongPassword123
user0459@test.com,strongPassword123
user0460@test.com,strongPassword123
user0461@test.com,strongPassword123
user0462@test.com,strongPassword123
user0463@test.com,strongPassword123
user0464@test.com,strongPassword123
user0465@test.com,strongPassword123
user0466@test.com,strongPassword123
user0467@test.com,strongPassword123
user0468@test.com,strongPassword123
user0469@test.com,strongPassword123
user0470@test.com,strongPassword123
user0471@test.com,strongPassword123
user0472@test.com,strongPassword123
user0473@test.com,strongPassword123
user0474@test.com,strongPassword123
user0475@test.com,strongPassword123
user0476@test.com,strongPassword123
user0477@test.com,strongPassword123
user0478@test.com,strongPassword123
user0479@test.com,strongPassword123
user0480@test.com,strongPassword123
user0481@test.com,strongPassword123
user0482@test.com,strongPassword123
user0483@test.com,strongPassword123
user0484@test.com,strongPassword123
user0485@test.com,strongPassword123
user0486@test.com,strongPassword123
user0487@test.com,strongPassword123
user0488@test.com,strongPassword123
user0489@test.com,strongPassword123
user0490@test.com,strongPassword123
user0491@test.com,strongPassword123
user0492@test.com,strongPassword123
user0493@test.com,strongPassword123
user0494@test.com,strongPassword123
user0495@test.com,strongPassword123
user0496@test.com,strongPassword123
user0497@test.com,strongPassword123
user0498@test.com,strongPassword123
user0499@test.com,strongPassword123
user0500@test.com,strongPassword123
user0501@test.com,strongPassword123
user0502@test.com,strongPassword123
user0503@test.com,strongPassword123
user0504@test.com,strongPassword123
user0505@test.com,strongPassword123
user0506@test.com,strongPassword123
user0507@test.com,strongPassword123
user0508@test.com,strongPassword123
user0509@test.com,strongPassword123
user0510@test.com,strongPassword123
user0511@test.com,strongPassword123
user0512@test.com,strongPassword123
user0513@test.com,strongPassword123
user0514@test.com,strongPassword123
user0515@test.com,strongPassword123
user0516@test.com,strongPassword123
user0517@test.com,strongPassword123
user0518@test.com,strongPassword123
user0519@test.com,strongPassword123
user0520@test.com,strongPassword123
user0521@test.com,strongPassword123
user0522@test.com,strongPassword123
user0523@test.com,strongPassword123
user0524@test.com,strongPassword123
user0525@test.com,strongPassword123
user0526@test.com,strongPassword123
user0527@test.com,strongPassword123
user0528@test.com,strongPassword123
user0529@test.com,strongPassword123
user0530@test.com,strongPassword123
user0531@test.com,strongPassword123
user0532@test.com,strongPassword123
user0533@test.com,strongPassword123
user0534@test.com,strongPassword123
user0535@test.com,strongPassword123
user0536@test.com,strongPassword123
user0537@test.com,strongPassword123
user0538@test.com,strongPassword123
user0539@test.com,strongPassword123
user0540@test.com,strongPassword123
user0541@test.com,strongPassword123
user0542@test.com,strongPassword123
user0543@test.com,strongPassword123
user0544@test.com,strongPassword123
user0545@test.com,strongPassword123
user0546@test.com,strongPassword123
user0547@test.com,strongPassword123
user0548@test.com,strongPassword123
user0549@test.com,strongPassword123
user0550@test.com,strongPassword123
user0551@test.com,strongPassword123
user0552@test.com,strongPassword123
user0553@test.com,strongPassword123
user0554@test.com,strongPassword123
user0555@test.com,strongPassword123
user0556@test.com,strongPassword123
user0557@test.com,strongPassword123
user0558@test.com,strongPassword123
user0559@test.com,strongPassword123
user0560@test.com,strongPassword123
user0561@test.com,strongPassword123
user0562@test.com,strongPassword123
user0563@test.com,strongPassword123
user0564@test.com,strongPassword123
user0565@test.com,strongPassword123
user0566@test.com,strongPassword123
user0567@test.com,strongPassword123
user0568@test.com,strongPassword123
user0569@test.com,strongPassword123
user0570@test.com,strongPassword123
user0571@test.com,strongPassword123
user0572@test.com,strongPassword123
user0573@test.com,strongPassword123
user0574@test.com,strongPassword123
user0575@test.com,strongPassword123
user0576@test.com,strongPassword123
user0577@test.com,strongPassword123
user0578@test.com,strongPassword123
user0579@test.com,strongPassword123
user0580@test.com,strongPassword123
user0581@test.com,strongPassword123
user0582@test.com,strongPassword123
user0583@test.com,strongPassword123
user0584@test.com,strongPassword123
user0585@test.com,strongPassword123
user0586@test.com,strongPassword123
user0587@test.com,strongPassword123
user0588@test.com,strongPassword123
user0589@test.com,strongPassword123
user0590@test.com,strongPassword123
user0591@test.com,strongPassword123
user0592@test.com,strongPassword123
user0593@test.com,strongPassword123
user0594@test.com,strongPassword123
user0595@test.com,strongPassword123
user0596@test.com,strongPassword123
user0597@test.com,strongPassword123
user0598@test.com,strongPassword123
user0599@test.com,strongPassword123
user0600@test.com,strongPassword123
user0601@test.com,strongPassword123
user0602@test.com,strongPassword123
user0603@test.com,strongPassword123
user0604@test.com,strongPassword123
user0605@test.com,strongPassword123
user0606@test.com,strongPassword123
user0607@test.com,strongPassword123
user0608@test.com,strongPassword123
user0609@test.com,strongPassword123
user0610@test.com,strongPassword123
user0611@test.com,strongPassword123
user0612@test.com,strongPassword123
user0613@test.com,strongPassword123
user0614@test.com,strongPassword123
user0615@test.com,strongPassword123
user0616@test.com,strongPassword123
user0617@test.com,strongPassword123
user0618@test.com,strongPassword123
user0619@test.com,strongPassword123
user0620@test.com,strongPassword123
user0621@test.com,strongPassword123
user0622@test.com,strongPassword123
user0623@test.com,strongPassword123
user0624@test.com,strongPassword123
user0625@test.com,strongPassword123
user0626@test.com,strongPassword123
user0627@test.com,strongPassword123
user0628@test.com,strongPassword123
user0629@test.com,strongPassword123
user0630@test.com,strongPassword123
user0631@test.com,strongPassword123
user0632@test.com,strongPassword123
user0633@test.com,strongPassword123
user0634@test.com,strongPassword123
user0635@test.com,strongPassword123
user0636@test.com,strongPassword123
user0637@test.com,strongPassword123
user0638@test.com,strongPassword123
user0639@test.com,strongPassword123
user0640@test.com,strongPassword123
user0641@test.com,strongPassword123
user0642@test.com,strongPassword123
user0643@test.com,strongPassword123
user0644@test.com,strongPassword123
user0645@test.com,strongPassword123
user0646@test.com,strongPassword123
user0647@test.com,strongPassword123
user0648@test.com,strongPassword123
user0649@test.com,strongPassword123
user0650@test.com,strongPassword123
user0651@test.com,strongPassword123
user0652@test.com,strongPassword123
user0653@test.com,strongPassword123
user0654@test.com,strongPassword123
user0655@test.com,strongPassword123
user0656@test.com,strongPassword123
user0657@test.com,strongPassword123
user0658@test.com,strongPassword123
user0659@test.com,strongPassword123
user0660@test.com,strongPassword123
user0661@test.com,strongPassword123
user0662@test.com,strongPassword123
user0663@test.com,strongPassword123
user0664@test.com,strongPassword123
user0665@test.com,strongPassword123
user0666@test.com,strongPassword123
user0667@test.com,strongPassword123
user0668@test.com,strongPassword123
user0669@test.com,strongPassword123
user0670@test.com,strongPassword123
user0671@test.com,strongPassword123
user0672@test.com,strongPassword123
user0673@test.com,strongPassword123
user0674@test.com,strongPassword123
user0675@test.com,strongPassword123
user0676@test.com,strongPassword123
user0677@test.com,strongPassword123
user0678@test.com,strongPassword123
user0679@test.com,strongPassword123
user0680@test.com,strongPassword123
user0681@test.com,strongPassword123
user0682@test.com,strongPassword123
user0683@test.com,strongPassword123
user0684@test.com,strongPassword123
user0685@test.com,strongPassword123
user0686@test.com,strongPassword123
user0687@test.com,strongPassword123
user0688@test.com,strongPassword123
user0689@test.com,strongPassword123
user0690@test.com,strongPassword123
user0691@test.com,strongPassword123
user0692@test.com,strongPassword123
user0693@test.com,strongPassword123
user0694@test.com,strongPassword123
user0695@test.com,strongPassword123
user0696@test.com,strongPassword123
user0697@test.com,strongPassword123
user0698@test.com,strongPassword123
user0699@test.com,strongPassword123
user0700@test.com,strongPassword123
user0701@test.com,strongPassword123
user0702@test.com,strongPassword123
user0703@test.com,strongPassword123
user0704@test.com,strongPassword123
user0705@test.com,strongPassword123
user0706@test.com,strongPassword123
user0707@test.com,strongPassword123
user0708@test.com,strongPassword123
user0709@test.com,strongPassword123
user0710@test.com,strongPassword123
user0711@test.com,strongPassword123
user0712@test.com,strongPassword123
user0713@test.com,strongPassword123
user0714@test.com,strongPassword123
user0715@test.com,strongPassword123
user0716@test.com,strongPassword123
user0717@test.com,strongPassword123
user0718@test.com,strongPassword123
user0719@test.com,strongPassword123
user0720@test.com,strongPassword123
user0721@test.com,strongPassword123
user0722@test.com,strongPassword123
user0723@test.com,strongPassword123
user0724@test.com,strongPassword123
user0725@test.com,strongPassword123
user0726@test.com,strongPassword123
user0727@test.com,strongPassword123
user0728@test.com,strongPassword123
user0729@test.com,strongPassword123
user0730@test.com,strongPassword123
user0731@test.com,strongPassword123
user0732@test.com,strongPassword123
user0733@test.com,strongPassword123
user0734@test.com,strongPassword123
user0735@test.com,strongPassword123
user0736@test.com,strongPassword123
user0737@test.com,strongPassword123
user0738@test.com,strongPassword123
user0739@test.com,strongPassword123
user0740@test.com,strongPassword123
user0741@test.com,strongPassword123
user0742@test.com,strongPassword123
user0743@test.com,strongPassword123
user0744@test.com,strongPassword123
user0745@test.com,strongPassword123
user0746@test.com,strongPassword123
user0747@test.com,strongPassword123
user0748@test.com,strongPassword123
user0749@test.com,strongPassword123
user0750@test.com,strongPassword123
user0751@test.com,strongPassword123
user0752@test.com,strongPassword123
user0753@test.com,strongPassword123
user0754@test.com,strongPassword123
user0755@test.com,strongPassword123
user0756@test.com,strongPassword123
user0757@test.com,strongPassword123
user0758@test.com,strongPassword123
user0759@test.com,strongPassword123
user0760@test.com,strongPassword123
user0761@test.com,strongPassword123
user0762@test.com,strongPassword123
user0763@test.com,strongPassword123
user0764@test.com,strongPassword123
user0765@test.com,strongPassword123
user0766@test.com,strongPassword123
user0767@test.com,strongPassword123
user0768@test.com,strongPassword123
user0769@test.com,strongPassword123
user0770@test.com,strongPassword123
user0771@test.com,strongPassword123
user0772@test.com,strongPassword123
user0773@test.com,strongPassword123
user0774@test.com,strongPassword123
user0775@test.com,strongPassword123
user0776@test.com,strongPassword123
user0777@test.com,strongPassword123
user0778@test.com,strongPassword123
user0779@test.com,strongPassword123
user0780@test.com,strongPassword123
user0781@test.com,strongPassword123
user0782@test.com,strongPassword123
user0783@test.com,strongPassword123
user0784@test.com,strongPassword123
user0785@test.com,strongPassword123
user0786@test.com,strongPassword123
user0787@test.com,strongPassword123
user0788@test.com,strongPassword123
user0789@test.com,strongPassword123
user0790@test.com,strongPassword123
user0791@test.com,strongPassword123
user0792@test.com,strongPassword123
user0793@test.com,strongPassword123
user0794@test.com,strongPassword123
user0795@test.com,strongPassword123
user0796@test.com,strongPassword123
user0797@test.com,strongPassword123
user0798@test.com,strongPassword123
user0799@test.com,strongPassword123
user0800@test.com,strongPassword123
user0801@test.com,strongPassword123
user0802@test.com,strongPassword123
user0803@test.com,strongPassword123
user0804@test.com,strongPassword123
user0805@test.com,strongPassword123
user0806@test.com,strongPassword123
user0807@test.com,strongPassword123
user0808@test.com,strongPassword123
user0809@test.com,strongPassword123
user0810@test.com,strongPassword123
user0811@test.com,strongPassword123
user0812@test.com,strongPassword123
user0813@test.com,strongPassword123
user0814@test.com,strongPassword123
user0815@test.com,strongPassword123
user0816@test.com,strongPassword123
user0817@test.com,strongPassword123
user0818@test.com,strongPassword123
user0819@test.com,strongPassword123
user0820@test.com,strongPassword123
user0821@test.com,strongPassword123
user0822@test.com,strongPassword123
user0823@test.com,strongPassword123
user0824@test.com,strongPassword123
user0825@test.com,strongPassword123
user0826@test.com,strongPassword123
user0827@test.com,strongPassword123
user0828@test.com,strongPassword123
user0829@test.com,strongPassword123
user0830@test.com,strongPassword123
user0831@test.com,strongPassword123
user0832@test.com,strongPassword123
user0833@test.com,strongPassword123
user0834@test.com,strongPassword123
user0835@test.com,strongPassword123
user0836@test.com,strongPassword123
user0837@test.com,strongPassword123
user0838@test.com,strongPassword123
user0839@test.com,strongPassword123
user0840@test.com,strongPassword123
user0841@test.com,strongPassword123
user0842@test.com,strongPassword123
user0843@test.com,strongPassword123
user0844@test.com,strongPassword123
user0845@test.com,strongPassword123
user0846@test.com,strongPassword123
user0847@test.com,strongPassword123
user0848@test.com,strongPassword123
user0849@test.com,strongPassword123
user0850@test.com,strongPassword123
user0851@test.com,strongPassword123
user0852@test.com,strongPassword123
user0853@test.com,strongPassword123
user0854@test.com,strongPassword123
user0855@test.com,strongPassword123
user0856@test.com,strongPassword123
user0857@test.com,strongPassword123
user0858@test.com,strongPassword123
user0859@test.com,strongPassword123
user0860@test.com,strongPassword123
user0861@test.com,strongPassword123
user0862@test.com,strongPassword123
user0863@test.com,strongPassword123
user0864@test.com,strongPassword123
user0865@test.com,strongPassword123
user0866@test.com,strongPassword123
user0867@test.com,strongPassword123
user0868@test.com,strongPassword123
user0869@test.com,strongPassword123
user0870@test.com,strongPassword123
user0871@test.com,strongPassword123
user0872@test.com,strongPassword123
user0873@test.com,strongPassword123
user0874@test.com,strongPassword123
user0875@test.com,strongPassword123
user0876@test.com,strongPassword123
user0877@test.com,strongPassword123
user0878@test.com,strongPassword123
user0879@test.com,strongPassword123
user0880@test.com,strongPassword123
user0881@test.com,strongPassword123
user0882@test.com,strongPassword123
user0883@test.com,strongPassword123
user0884@test.com,strongPassword123
user0885@test.com,strongPassword123
user0886@test.com,strongPassword123
user0887@test.com,strongPassword123
user0888@test.com,strongPassword123
user0889@test.com,strongPassword123
user0890@test.com,strongPassword123
user0891@test.com,strongPassword123
user0892@test.com,strongPassword123
user0893@test.com,strongPassword123
user0894@test.com,strongPassword123
user0895@test.com,strongPassword123
user0896@test.com,strongPassword123
user0897@test.com,strongPassword123
user0898@test.com,strongPassword123
user0899@test.com,strongPassword123
user0900@test.com,strongPassword123
user0901@test.com,strongPassword123
user0902@test.com,strongPassword123
user0903@test.com,strongPassword123
user0904@test.com,strongPassword123
user0905@test.com,strongPassword123
user0906@test.com,strongPassword123
user0907@test.com,strongPassword123
user0908@test.com,strongPassword123
user0909@test.com,strongPassword123
user0910@test.com,strongPassword123
user0911@test.com,strongPassword123
user0912@test.com,strongPassword123
user0913@test.com,strongPassword123
user0914@test.com,strongPassword123
user0915@test.com,strongPassword123
user0916@test.com,strongPassword123
user0917@test.com,strongPassword123
user0918@test.com,strongPassword123
user0919@test.com,strongPassword123
user0920@test.com,strongPassword123
user0921@test.com,strongPassword123
user0922@test.com,strongPassword123
user0923@test.com,strongPassword123
user0924@test.com,strongPassword123
user0925@test.com,strongPassword123
user0926@test.com,strongPassword123
user0927@test.com,strongPassword123
user0928@test.com,strongPassword123
user0929@test.com,strongPassword123
user0930@test.com,strongPassword123
user0931@test.com,strongPassword123
user0932@test.com,strongPassword123
user0933@test.com,strongPassword123
user0934@test.com,strongPassword123
user0935@test.com,strongPassword123
user0936@test.com,strongPassword123
user0937@test.com,strongPassword123
user0938@test.com,strongPassword123
user0939@test.com,strongPassword123
user0940@test.com,strongPassword123
user0941@test.com,strongPassword123
user0942@test.com,strongPassword123
user0943@test.com,strongPassword123
user0944@test.com,strongPassword123
user0945@test.com,strongPassword123
user0946@test.com,strongPassword123
user0947@test.com,strongPassword123
user0948@test.com,strongPassword123
user0949@test.com,strongPassword123
user0950@test.com,strongPassword123
user0951@test.com,strongPassword123
user0952@test.com,strongPassword123
user0953@test.com,strongPassword123
user0954@test.com,strongPassword123
user0955@test.com,strongPassword123
user0956@test.com,strongPassword123
user0957@test.com,strongPassword123
user0958@test.com,strongPassword123
user0959@test.com,strongPassword123
user0960@test.com,strongPassword123
user0961@test.com,strongPassword123
user0962@test.com,strongPassword123
user0963@test.com,strongPassword123
user0964@test.com,strongPassword123
user0965@test.com,strongPassword123
user0966@test.com,strongPassword123
user0967@test.com,strongPassword123
user0968@test.com,strongPassword123
user0969@test.com,strongPassword123
user0970@test.com,strongPassword123
user0971@test.com,strongPassword123
user0972@test.com,strongPassword123
user0973@test.com,strongPassword123
user0974@test.com,strongPassword123
user0975@test.com,strongPassword123
user0976@test.com,strongPassword123
user0977@test.com,strongPassword123
user0978@test.com,strongPassword123
user0979@test.com,strongPassword123
user0980@test.com,strongPassword123
user0981@test.com,strongPassword123
user0982@test.com,strongPassword123
user0983@test.com,strongPassword123
user0984@test.com,strongPassword123
user0985@test.com,strongPassword123
user0986@test.com,strongPassword123
user0987@test.com,strongPassword123
user0988@test.com,strongPassword123
user0989@test.com,strongPassword123
user0990@test.com,strongPassword123
user0991@test.com,strongPassword123
user0992@test.com,strongPassword123
user0993@test.com,strongPassword123
user0994@test.com,strongPassword123
user0995@test.com,strongPassword123
user0996@test.com,strongPassword123
user0997@test.com,strongPassword123
user0998@test.com,strongPassword123
user0999@test.com,strongPassword123
user1000@test.com,strongPassword123
user1001@test.com,strongPassword123
user1002@test.com,strongPassword123
user1003@test.com,strongPassword123
user1004@test.com,strongPassword123
user1005@test.com,strongPassword123
user1006@test.com,strongPassword123
user1007@test.com,strongPassword123
user1008@test.com,strongPassword123
user1009@test.com,strongPassword123
user1010@test.com,strongPassword123
user1011@test.com,strongPassword123
user1012@test.com,strongPassword123
user1013@test.com,strongPassword123
user1014@test.com,strongPassword123
user1015@test.com,strongPassword123
user1016@test.com,strongPassword123
user1017@test.com,strongPassword123
user1018@test.com,strongPassword123
user1019@test.com,strongPassword123
user1020@test.com,strongPassword123
user1021@test.com,strongPassword123
user1022@test.com,strongPassword123
user1023@test.com,strongPassword123
user1024@test.com,strongPassword123
user1025@test.com,strongPassword123
user1026@test.com,strongPassword123
user1027@test.com,strongPassword123
user1028@test.com,strongPassword123
user1029@test.com,strongPassword123
user1030@test.com,strongPassword123
user1031@test.com,strongPassword123
user1032@test.com,strongPassword123
user1033@test.com,strongPassword123
user1034@test.com,strongPassword123
user1035@test.com,strongPassword123
user1036@test.com,strongPassword123
user1037@test.com,strongPassword123
user1038@test.com,strongPassword123
user1039@test.com,strongPassword123
user1040@test.com,strongPassword123
user1041@test.com,strongPassword123
user1042@test.com,strongPassword123
user1043@test.com,strongPassword123
user1044@test.com,strongPassword123
user1045@test.com,strongPassword123
user1046@test.com,strongPassword123
user1047@test.com,strongPassword123
user1048@test.com,strongPassword123
user1049@test.com,strongPassword123
user1050@test.com,strongPassword123
user1051@test.com,strongPassword123
user1052@test.com,strongPassword123
user1053@test.com,strongPassword123
user1054@test.com,strongPassword123
user1055@test.com,strongPassword123
user1056@test.com,strongPassword123
user1057@test.com,strongPassword123
user1058@test.com,strongPassword123
user1059@test.com,strongPassword123
user1060@test.com,strongPassword123
user1061@test.com,strongPassword123
user1062@test.com,strongPassword123
user1063@test.com,strongPassword123
user1064@test.com,strongPassword123
user1065@test.com,strongPassword123
user1066@test.com,strongPassword123
user1067@test.com,strongPassword123
user1068@test.com,strongPassword123
user1069@test.com,strongPassword123
user1070@test.com,strongPassword123
user1071@test.com,strongPassword123
user1072@test.com,strongPassword123
user1073@test.com,strongPassword123
user1074@test.com,strongPassword123
user1075@test.com,strongPassword123
user1076@test.com,strongPassword123
user1077@test.com,strongPassword123
user1078@test.com,strongPassword123
user1079@test.com,strongPassword123
user1080@test.com,strongPassword123
user1081@test.com,strongPassword123
user1082@test.com,strongPassword123
user1083@test.com,strongPassword123
user1084@test.com,strongPassword123
user1085@test.com,strongPassword123
user1086@test.com,strongPassword123
user1087@test.com,strongPassword123
user1088@test.com,strongPassword123
user1089@test.com,strongPassword123
user1090@test.com,strongPassword123
user1091@test.com,strongPassword123
user1092@test.com,strongPassword123
user1093@test.com,strongPassword123
user1094@test.com,strongPassword123
user1095@test.com,strongPassword123
user1096@test.com,strongPassword123
user1097@test.com,strongPassword123
user1098@test.com,strongPassword123
user1099@test.com,strongPassword123
user1100@test.com,strongPassword123
user1101@test.com,strongPassword123
user1102@test.com,strongPassword123
user1103@test.com,strongPassword123
user1104@test.com,strongPassword123
user1105@test.com,strongPassword123
user1106@test.com,strongPassword123
user1107@test.com,strongPassword123
user1108@test.com,strongPassword123
user1109@test.com,strongPassword123
user1110@test.com,strongPassword123
user1111@test.com,strongPassword123
user1112@test.com,strongPassword123
user1113@test.com,strongPassword123
user1114@test.com,strongPassword123
user1115@test.com,strongPassword123
user1116@test.com,strongPassword123
user1117@test.com,strongPassword123
user1118@test.com,strongPassword123
user1119@test.com,strongPassword123
user1120@test.com,strongPassword123
user1121@test.com,strongPassword123
user1122@test.com,strongPassword123
user1123@test.com,strongPassword123
user1124@test.com,strongPassword123
user1125@test.com,strongPassword123
user1126@test.com,strongPassword123
user1127@test.com,strongPassword123
user1128@test.com,strongPassword123
user1129@test.com,strongPassword123
user1130@test.com,strongPassword123
user1131@test.com,strongPassword123
user1132@test.com,strongPassword123
user1133@test.com,strongPassword123
user1134@test.com,strongPassword123
user1135@test.com,strongPassword123
user1136@test.com,strongPassword123
user1137@test.com,strongPassword123
user1138@test.com,strongPassword123
user1139@test.com,strongPassword123
user1140@test.com,strongPassword123
user1141@test.com,strongPassword123
user1142@test.com,strongPassword123
user1143@test.com,strongPassword123
user1144@test.com,strongPassword123
user1145@test.com,strongPassword123
user1146@test.com,strongPassword123
user1147@test.com,strongPassword123
user1148@test.com,strongPassword123
user1149@test.com,strongPassword123
user1150@test.com,strongPassword123
user1151@test.com,strongPassword123
user1152@test.com,strongPassword123
user1153@test.com,strongPassword123
user1154@test.com,strongPassword123
user1155@test.com,strongPassword123
user1156@test.com,strongPassword123
user1157@test.com,strongPassword123
user1158@test.com,strongPassword123
user1159@test.com,strongPassword123
user1160@test.com,strongPassword123
user1161@test.com,strongPassword123
user1162@test.com,strongPassword123
user1163@test.com,strongPassword123
user1164@test.com,strongPassword123
user1165@test.com,strongPassword123
user1166@test.com,strongPassword123
user1167@test.com,strongPassword123
user1168@test.com,strongPassword123
user1169@test.com,strongPassword123
user1170@test.com,strongPassword123
user1171@test.com,strongPassword123
user1172@test.com,strongPassword123
user1173@test.com,strongPassword123
user1174@test.com,strongPassword123
user1175@test.com,strongPassword123
user1176@test.com,strongPassword123
user1177@test.com,strongPassword123
user1178@test.com,strongPassword123
user1179@test.com,strongPassword123
user1180@test.com,strongPassword123
user1181@test.com,strongPassword123
user1182@test.com,strongPassword123
user1183@test.com,strongPassword123
user1184@test.com,strongPassword123
user1185@test.com,strongPassword123
user1186@test.com,strongPassword123
user1187@test.com,strongPassword123
user1188@test.com,strongPassword123
user1189@test.com,strongPassword123
user1190@test.com,strongPassword123
user1191@test.com,strongPassword123
user1192@test.com,strongPassword123
user1193@test.com,strongPassword123
user1194@test.com,strongPassword123
user1195@test.com,strongPassword123
user1196@test.com,strongPassword123
user1197@test.com,strongPassword123
user1198@test.com,strongPassword123
user1199@test.com,strongPassword123
user1200@test.com,strongPassword123
user1201@test.com,strongPassword123
user1202@test.com,strongPassword123
user1203@test.com,strongPassword123
user1204@test.com,strongPassword123
user1205@test.com,strongPassword123
user1206@test.com,strongPassword123
user1207@test.com,strongPassword123
user1208@test.com,strongPassword123
user1209@test.com,strongPassword123
user1210@test.com,strongPassword123
user1211@test.com,strongPassword123
user1212@test.com,strongPassword123
user1213@test.com,strongPassword123
user1214@test.com,strongPassword123
user1215@test.com,strongPassword123
user1216@test.com,strongPassword123
user1217@test.com,strongPassword123
user1218@test.com,strongPassword123
user1219@test.com,strongPassword123
user1220@test.com,strongPassword123
user1221@test.com,strongPassword123
user1222@test.com,strongPassword123
user1223@test.com,strongPassword123
user1224@test.com,strongPassword123
user1225@test.com,strongPassword123
user1226@test.com,strongPassword123
user1227@test.com,strongPassword123
user1228@test.com,strongPassword123
user1229@test.com,strongPassword123
user1230@test.com,strongPassword123
user1231@test.com,strongPassword123
user1232@test.com,strongPassword123
user1233@test.com,strongPassword123
user1234@test.com,strongPassword123
user1235@test.com,strongPassword123
user1236@test.com,strongPassword123
user1237@test.com,strongPassword123
user1238@test.com,strongPassword123
user1239@test.com,strongPassword123
user1240@test.com,strongPassword123
user1241@test.com,strongPassword123
user1242@test.com,strongPassword123
user1243@test.com,strongPassword123
user1244@test.com,strongPassword123
user1245@test.com,strongPassword123
user1246@test.com,strongPassword123
user1247@test.com,strongPassword123
user1248@test.com,strongPassword123
user1249@test.com,strongPassword123
user1250@test.com,strongPassword123
user1251@test.com,strongPassword123
user1252@test.com,strongPassword123
user1253@test.com,strongPassword123
user1254@test.com,strongPassword123
user1255@test.com,strongPassword123
user1256@test.com,strongPassword123
user1257@test.com,strongPassword123
user1258@test.com,strongPassword123
user1259@test.com,strongPassword123
user1260@test.com,strongPassword123
user1261@test.com,strongPassword123
user1262@test.com,strongPassword123
user1263@test.com,strongPassword123
user1264@test.com,strongPassword123
user1265@test.com,strongPassword123
user1266@test.com,strongPassword123
user1267@test.com,strongPassword123
user1268@test.com,strongPassword123
user1269@test.com,strongPassword123
user1270@test.com,strongPassword123
user1271@test.com,strongPassword123
user1272@test.com,strongPassword123
user1273@test.com,strongPassword123
user1274@test.com,strongPassword123
user1275@test.com,strongPassword123
user1276@test.com,strongPassword123
user1277@test.com,strongPassword123
user1278@test.com,strongPassword123
user1279@test.com,strongPassword123
user1280@test.com,strongPassword123
user1281@test.com,strongPassword123
user1282@test.com,strongPassword123
user1283@test.com,strongPassword123
user1284@test.com,strongPassword123
user1285@test.com,strongPassword123
user1286@test.com,strongPassword123
user1287@test.com,strongPassword123
user1288@test.com,strongPassword123
user1289@test.com,strongPassword123
user1290@test.com,strongPassword123
user1291@test.com,strongPassword123
user1292@test.com,strongPassword123
user1293@test.com,strongPassword123
user1294@test.com,strongPassword123
user1295@test.com,strongPassword123
user1296@test.com,strongPassword123
user1297@test.com,strongPassword123
user1298@test.com,strongPassword123
user1299@test.com,strongPassword123
user1300@test.com,strongPassword123
user1301@test.com,strongPassword123
user1302@test.com,strongPassword123
user1303@test.com,strongPassword123
user1304@test.com,strongPassword123
user1305@test.com,strongPassword123
user1306@test.com,strongPassword123
user1307@test.com,strongPassword123
user1308@test.com,strongPassword123
user1309@test.com,strongPassword123
user1310@test.com,strongPassword123
user1311@test.com,strongPassword123
user1312@test.com,strongPassword123
user1313@test.com,strongPassword123
user1314@test.com,strongPassword123
user1315@test.com,strongPassword123
user1316@test.com,strongPassword123
user1317@test.com,strongPassword123
user1318@test.com,strongPassword123
user1319@test.com,strongPassword123
user1320@test.com,strongPassword123
user1321@test.com,strongPassword123
user1322@test.com,strongPassword123
user1323@test.com,strongPassword123
user1324@test.com,strongPassword123
user1325@test.com,strongPassword123
user1326@test.com,strongPassword123
user1327@test.com,strongPassword123
user1328@test.com,strongPassword123
user1329@test.com,strongPassword123
user1330@test.com,strongPassword123
user1331@test.com,strongPassword123
user1332@test.com,strongPassword123
user1333@test.com,strongPassword123
user1334@test.com,strongPassword123
user1335@test.com,strongPassword123
user1336@test.com,strongPassword123
user1337@test.com,strongPassword123
user1338@test.com,strongPassword123
user1339@test.com,strongPassword123
user1340@test.com,strongPassword123
user1341@test.com,strongPassword123
user1342@test.com,strongPassword123
user1343@test.com,strongPassword123
user1344@test.com,strongPassword123
user1345@test.com,strongPassword123
user1346@test.com,strongPassword123
user1347@test.com,strongPassword123
user1348@test.com,strongPassword123
user1349@test.com,strongPassword123
user1350@test.com,strongPassword123
user1351@test.com,strongPassword123
user1352@test.com,strongPassword123
user1353@test.com,strongPassword123
user1354@test.com,strongPassword123
user1355@test.com,strongPassword123
user1356@test.com,strongPassword123
user1357@test.com,strongPassword123
user1358@test.com,strongPassword123
user1359@test.com,strongPassword123
user1360@test.com,strongPassword123
user1361@test.com,strongPassword123
user1362@test.com,strongPassword123
user1363@test.com,strongPassword123
user1364@test.com,strongPassword123
user1365@test.com,strongPassword123
user1366@test.com,strongPassword123
user1367@test.com,strongPassword123
user1368@test.com,strongPassword123
user1369@test.com,strongPassword123
user1370@test.com,strongPassword123
user1371@test.com,strongPassword123
user1372@test.com,strongPassword123
user1373@test.com,strongPassword123
user1374@test.com,strongPassword123
user1375@test.com,strongPassword123
user1376@test.com,strongPassword123
user1377@test.com,strongPassword123
user1378@test.com,strongPassword123
user1379@test.com,strongPassword123
user1380@test.com,strongPassword123
user1381@test.com,strongPassword123
user1382@test.com,strongPassword123
user1383@test.com,strongPassword123
user1384@test.com,strongPassword123
user1385@test.com,strongPassword123
user1386@test.com,strongPassword123
user1387@test.com,strongPassword123
user1388@test.com,strongPassword123
user1389@test.com,strongPassword123
user1390@test.com,strongPassword123
user1391@test.com,strongPassword123
user1392@test.com,strongPassword123
user1393@test.com,strongPassword123
user1394@test.com,strongPassword123
user1395@test.com,strongPassword123
user1396@test.com,strongPassword123
user1397@test.com,strongPassword123
user1398@test.com,strongPassword123
user1399@test.com,strongPassword123
user1400@test.com,strongPassword123
user1401@test.com,strongPassword123
user1402@test.com,strongPassword123
user1403@test.com,strongPassword123
user1404@test.com,strongPassword123
user1405@test.com,strongPassword123
user1406@test.com,strongPassword123
user1407@test.com,strongPassword123
user1408@test.com,strongPassword123
user1409@test.com,strongPassword123
user1410@test.com,strongPassword123
user1411@test.com,strongPassword123
user1412@test.com,strongPassword123
user1413@test.com,strongPassword123
user1414@test.com,strongPassword123
user1415@test.com,strongPassword123
user1416@test.com,strongPassword123
user1417@test.com,strongPassword123
user1418@test.com,strongPassword123
user1419@test.com,strongPassword123
user1420@test.com,strongPassword123
user1421@test.com,strongPassword123
user1422@test.com,strongPassword123
user1423@test.com,strongPassword123
user1424@test.com,strongPassword123
user1425@test.com,strongPassword123
user1426@test.com,strongPassword123
user1427@test.com,strongPassword123
user1428@test.com,strongPassword123
user1429@test.com,strongPassword123
user1430@test.com,strongPassword123
user1431@test.com,strongPassword123
user1432@test.com,strongPassword123
user1433@test.com,strongPassword123
user1434@test.com,strongPassword123
user1435@test.com,strongPassword123
user1436@test.com,strongPassword123
user1437@test.com,strongPassword123
user1438@test.com,strongPassword123
user1439@test.com,strongPassword123
user1440@test.com,strongPassword123
user1441@test.com,strongPassword123
user1442@test.com,strongPassword123
user1443@test.com,strongPassword123
user1444@test.com,strongPassword123
user1445@test.com,strongPassword123
user1446@test.com,strongPassword123
user1447@test.com,strongPassword123
user1448@test.com,strongPassword123
user1449@test.com,strongPassword123
user1450@test.com,strongPassword123
user1451@test.com,strongPassword123
user1452@test.com,strongPassword123
user1453@test.com,strongPassword123
user1454@test.com,strongPassword123
user1455@test.com,strongPassword123
user1456@test.com,strongPassword123
user1457@test.com,strongPassword123
user1458@test.com,strongPassword123
user1459@test.com,strongPassword123
user1460@test.com,strongPassword123
user1461@test.com,strongPassword123
user1462@test.com,strongPassword123
user1463@test.com,strongPassword123
user1464@test.com,strongPassword123
user1465@test.com,strongPassword123
user1466@test.com,strongPassword123
user1467@test.com,strongPassword123
user1468@test.com,strongPassword123
user1469@test.com,strongPassword123
user1470@test.com,strongPassword123
user1471@test.com,strongPassword123
user1472@test.com,strongPassword123
user1473@test.com,strongPassword123
user1474@test.com,strongPassword123
user1475@test.com,strongPassword123
user1476@test.com,strongPassword123
user1477@test.com,strongPassword123
user1478@test.com,strongPassword123
user1479@test.com,strongPassword123
user1480@test.com,strongPassword123
user1481@test.com,strongPassword123
user1482@test.com,strongPassword123
user1483@test.com,strongPassword123
user1484@test.com,strongPassword123
user1485@test.com,strongPassword123
user1486@test.com,strongPassword123
user1487@test.com,strongPassword123
user1488@test.com,strongPassword123
user1489@test.com,strongPassword123
user1490@test.com,strongPassword123
user1491@test.com,strongPassword123
user1492@test.com,strongPassword123
user1493@test.com,strongPassword123
user1494@test.com,strongPassword123
user1495@test.com,strongPassword123
user1496@test.com,strongPassword123
user1497@test.com,strongPassword123
user1498@test.com,strongPassword123
user1499@test.com,strongPassword123
user1500@test.com,strongPassword123
user1501@test.com,strongPassword123
user1502@test.com,strongPassword123
user1503@test.com,strongPassword123
user1504@test.com,strongPassword123
user1505@test.com,strongPassword123
user1506@test.com,strongPassword123
user1507@test.com,strongPassword123
user1508@test.com,strongPassword123
user1509@test.com,strongPassword123
user1510@test.com,strongPassword123
user1511@test.com,strongPassword123
user1512@test.com,strongPassword123
user1513@test.com,strongPassword123
user1514@test.com,strongPassword123
user1515@test.com,strongPassword123
user1516@test.com,strongPassword123
user1517@test.com,strongPassword123
user1518@test.com,strongPassword123
user1519@test.com,strongPassword123
user1520@test.com,strongPassword123
user1521@test.com,strongPassword123
user1522@test.com,strongPassword123
user1523@test.com,strongPassword123
user1524@test.com,strongPassword123
user1525@test.com,strongPassword123
user1526@test.com,strongPassword123
user1527@test.com,strongPassword123
user1528@test.com,strongPassword123
user1529@test.com,strongPassword123
user1530@test.com,strongPassword123
user1531@test.com,strongPassword123
user1532@test.com,strongPassword123
user1533@test.com,strongPassword123
user1534@test.com,strongPassword123
user1535@test.com,strongPassword123
user1536@test.com,strongPassword123
user1537@test.com,strongPassword123
user1538@test.com,strongPassword123
user1539@test.com,strongPassword123
user1540@test.com,strongPassword123
user1541@test.com,strongPassword123
user1542@test.com,strongPassword123
user1543@test.com,strongPassword123
user1544@test.com,strongPassword123
user1545@test.com,strongPassword123
user1546@test.com,strongPassword123
user1547@test.com,strongPassword123
user1548@test.com,strongPassword123
user1549@test.com,strongPassword123
user1550@test.com,strongPassword123
user1551@test.com,strongPassword123
user1552@test.com,strongPassword123
user1553@test.com,strongPassword123
user1554@test.com,strongPassword123
user1555@test.com,strongPassword123
user1556@test.com,strongPassword123
user1557@test.com,strongPassword123
user1558@test.com,strongPassword123
user1559@test.com,strongPassword123
user1560@test.com,strongPassword123
user1561@test.com,strongPassword123
user1562@test.com,strongPassword123
user1563@test.com,strongPassword123
user1564@test.com,strongPassword123
user1565@test.com,strongPassword123
user1566@test.com,strongPassword123
user1567@test.com,strongPassword123
user1568@test.com,strongPassword123
user1569@test.com,strongPassword123
user1570@test.com,strongPassword123
user1571@test.com,strongPassword123
user1572@test.com,strongPassword123
user1573@test.com,strongPassword123
user1574@test.com,strongPassword123
user1575@test.com,strongPassword123
user1576@test.com,strongPassword123
user1577@test.com,strongPassword123
user1578@test.com,strongPassword123
user1579@test.com,strongPassword123
user1580@test.com,strongPassword123
user1581@test.com,strongPassword123
user1582@test.com,strongPassword123
user1583@test.com,strongPassword123
user1584@test.com,strongPassword123
user1585@test.com,strongPassword123
user1586@test.com,strongPassword123
user1587@test.com,strongPassword123
user1588@test.com,strongPassword123
user1589@test.com,strongPassword123
user1590@test.com,strongPassword123
user1591@test.com,strongPassword123
user1592@test.com,strongPassword123
user1593@test.com,strongPassword123
user1594@test.com,strongPassword123
user1595@test.com,strongPassword123
user1596@test.com,strongPassword123
user1597@test.com,strongPassword123
user1598@test.com,strongPassword123
user1599@test.com,strongPassword123
user1600@test.com,strongPassword123
user1601@test.com,strongPassword123
user1602@test.com,strongPassword123
user1603@test.com,strongPassword123
user1604@test.com,strongPassword123
user1605@test.com,strongPassword123
user1606@test.com,strongPassword123
user1607@test.com,strongPassword123
user1608@test.com,strongPassword123
user1609@test.com,strongPassword123
user1610@test.com,strongPassword123
user1611@test.com,strongPassword123
user1612@test.com,strongPassword123
user1613@test.com,strongPassword123
user1614@test.com,strongPassword123
user1615@test.com,strongPassword123
user1616@test.com,strongPassword123
user1617@test.com,strongPassword123
user1618@test.com,strongPassword123
user1619@test.com,strongPassword123
user1620@test.com,strongPassword123
user1621@test.com,strongPassword123
user1622@test.com,strongPassword123
user1623@test.com,strongPassword123
user1624@test.com,strongPassword123
user1625@test.com,strongPassword123
user1626@test.com,strongPassword123
user1627@test.com,strongPassword123
user1628@test.com,strongPassword123
user1629@test.com,strongPassword123
user1630@test.com,strongPassword123
user1631@test.com,strongPassword123
user1632@test.com,strongPassword123
user1633@test.com,strongPassword123
user1634@test.com,strongPassword123
user1635@test.com,strongPassword123
user1636@test.com,strongPassword123
user1637@test.com,strongPassword123
user1638@test.com,strongPassword123
user1639@test.com,strongPassword123
user1640@test.com,strongPassword123
user1641@test.com,strongPassword123
user1642@test.com,strongPassword123
user1643@test.com,strongPassword123
user1644@test.com,strongPassword123
user1645@test.com,strongPassword123
user1646@test.com,strongPassword123
user1647@test.com,strongPassword123
user1648@test.com,strongPassword123
user1649@test.com,strongPassword123
user1650@test.com,strongPassword123
user1651@test.com,strongPassword123
user1652@test.com,strongPassword123
user1653@test.com,strongPassword123
user1654@test.com,strongPassword123
user1655@test.com,strongPassword123
user1656@test.com,strongPassword123
user1657@test.com,strongPassword123
user1658@test.com,strongPassword123
user1659@test.com,strongPassword123
user1660@test.com,strongPassword123
user1661@test.com,strongPassword123
user1662@test.com,strongPassword123
user1663@test.com,strongPassword123
user1664@test.com,strongPassword123
user1665@test.com,strongPassword123
user1666@test.com,strongPassword123
user1667@test.com,strongPassword123
user1668@test.com,strongPassword123
user1669@test.com,strongPassword123
user1670@test.com,strongPassword123
user1671@test.com,strongPassword123
user1672@test.com,strongPassword123
user1673@test.com,strongPassword123
user1674@test.com,strongPassword123
user1675@test.com,strongPassword123
user1676@test.com,strongPassword123
user1677@test.com,strongPassword123
user1678@test.com,strongPassword123
user1679@test.com,strongPassword123
user1680@test.com,strongPassword123
user1681@test.com,strongPassword123
user1682@test.com,strongPassword123
user1683@test.com,strongPassword123
user1684@test.com,strongPassword123
user1685@test.com,strongPassword123
user1686@test.com,strongPassword123
user1687@test.com,strongPassword123
user1688@test.com,strongPassword123
user1689@test.com,strongPassword123
user1690@test.com,strongPassword123
user1691@test.com,strongPassword123
user1692@test.com,strongPassword123
user1693@test.com,strongPassword123
user1694@test.com,strongPassword123
user1695@test.com,strongPassword123
user1696@test.com,strongPassword123
user1697@test.com,strongPassword123
user1698@test.com,strongPassword123
user1699@test.com,strongPassword123
user1700@test.com,strongPassword123
user1701@test.com,strongPassword123
user1702@test.com,strongPassword123
user1703@test.com,strongPassword123
user1704@test.com,strongPassword123
user1705@test.com,strongPassword123
user1706@test.com,strongPassword123
user1707@test.com,strongPassword123
user1708@test.com,strongPassword123
user1709@test.com,strongPassword123
user1710@test.com,strongPassword123
user1711@test.com,strongPassword123
user1712@test.com,strongPassword123
user1713@test.com,strongPassword123
user1714@test.com,strongPassword123
user1715@test.com,strongPassword123
user1716@test.com,strongPassword123
user1717@test.com,strongPassword123
user1718@test.com,strongPassword123
user1719@test.com,strongPassword123
user1720@test.com,strongPassword123
user1721@test.com,strongPassword123
user1722@test.com,strongPassword123
user1723@test.com,strongPassword123
user1724@test.com,strongPassword123
user1725@test.com,strongPassword123
user1726@test.com,strongPassword123
user1727@test.com,strongPassword123
user1728@test.com,strongPassword123
user1729@test.com,strongPassword123
user1730@test.com,strongPassword123
user1731@test.com,strongPassword123
user1732@test.com,strongPassword123
user1733@test.com,strongPassword123
user1734@test.com,strongPassword123
user1735@test.com,strongPassword123
user1736@test.com,strongPassword123
user1737@test.com,strongPassword123
user1738@test.com,strongPassword123
user1739@test.com,strongPassword123
user1740@test.com,strongPassword123
user1741@test.com,strongPassword123
user1742@test.com,strongPassword123
user1743@test.com,strongPassword123
user1744@test.com,strongPassword123
user1745@test.com,strongPassword123
user1746@test.com,strongPassword123
user1747@test.com,strongPassword123
user1748@test.com,strongPassword123
user1749@test.com,strongPassword123
user1750@test.com,strongPassword123
user1751@test.com,strongPassword123
user1752@test.com,strongPassword123
user1753@test.com,strongPassword123
user1754@test.com,strongPassword123
user1755@test.com,strongPassword123
user1756@test.com,strongPassword123
user1757@test.com,strongPassword123
user1758@test.com,strongPassword123
user1759@test.com,strongPassword123
user1760@test.com,strongPassword123
user1761@test.com,strongPassword123
user1762@test.com,strongPassword123
user1763@test.com,strongPassword123
user1764@test.com,strongPassword123
user1765@test.com,strongPassword123
user1766@test.com,strongPassword123
user1767@test.com,strongPassword123
user1768@test.com,strongPassword123
user1769@test.com,strongPassword123
user1770@test.com,strongPassword123
user1771@test.com,strongPassword123
user1772@test.com,strongPassword123
user1773@test.com,strongPassword123
user1774@test.com,strongPassword123
user1775@test.com,strongPassword123
user1776@test.com,strongPassword123
user1777@test.com,strongPassword123
user1778@test.com,strongPassword123
user1779@test.com,strongPassword123
user1780@test.com,strongPassword123
user1781@test.com,strongPassword123
user1782@test.com,strongPassword123
user1783@test.com,strongPassword123
user1784@test.com,strongPassword123
user1785@test.com,strongPassword123
user1786@test.com,strongPassword123
user1787@test.com,strongPassword123
user1788@test.com,strongPassword123
user1789@test.com,strongPassword123
user1790@test.com,strongPassword123
user1791@test.com,strongPassword123
user1792@test.com,strongPassword123
user1793@test.com,strongPassword123
user1794@test.com,strongPassword123
user1795@test.com,strongPassword123
user1796@test.com,strongPassword123
user1797@test.com,strongPassword123
user1798@test.com,strongPassword123
user1799@test.com,strongPassword123
user1800@test.com,strongPassword123
user1801@test.com,strongPassword123
user1802@test.com,strongPassword123
user1803@test.com,strongPassword123
user1804@test.com,strongPassword123
user1805@test.com,strongPassword123
user1806@test.com,strongPassword123
user1807@test.com,strongPassword123
user1808@test.com,strongPassword123
user1809@test.com,strongPassword123
user1810@test.com,strongPassword123
user1811@test.com,strongPassword123
user1812@test.com,strongPassword123
user1813@test.com,strongPassword123
user1814@test.com,strongPassword123
user1815@test.com,strongPassword123
user1816@test.com,strongPassword123
user1817@test.com,strongPassword123
user1818@test.com,strongPassword123
user1819@test.com,strongPassword123
user1820@test.com,strongPassword123
user1821@test.com,strongPassword123
user1822@test.com,strongPassword123
user1823@test.com,strongPassword123
user1824@test.com,strongPassword123
user1825@test.com,strongPassword123
user1826@test.com,strongPassword123
user1827@test.com,strongPassword123
user1828@test.com,strongPassword123
user1829@test.com,strongPassword123
user1830@test.com,strongPassword123
user1831@test.com,strongPassword123
user1832@test.com,strongPassword123
user1833@test.com,strongPassword123
user1834@test.com,strongPassword123
user1835@test.com,strongPassword123
user1836@test.com,strongPassword123
user1837@test.com,strongPassword123
user1838@test.com,strongPassword123
user1839@test.com,strongPassword123
user1840@test.com,strongPassword123
user1841@test.com,strongPassword123
user1842@test.com,strongPassword123
user1843@test.com,strongPassword123
user1844@test.com,strongPassword123
user1845@test.com,strongPassword123
user1846@test.com,strongPassword123
user1847@test.com,strongPassword123
user1848@test.com,strongPassword123
user1849@test.com,strongPassword123
user1850@test.com,strongPassword123
user1851@test.com,strongPassword123
user1852@test.com,strongPassword123
user1853@test.com,strongPassword123
user1854@test.com,strongPassword123
user1855@test.com,strongPassword123
user1856@test.com,strongPassword123
user1857@test.com,strongPassword123
user1858@test.com,strongPassword123
user1859@test.com,strongPassword123
user1860@test.com,strongPassword123
user1861@test.com,strongPassword123
user1862@test.com,strongPassword123
user1863@test.com,strongPassword123
user1864@test.com,strongPassword123
user1865@test.com,strongPassword123
user1866@test.com,strongPassword123
user1867@test.com,strongPassword123
user1868@test.com,strongPassword123
user1869@test.com,strongPassword123
user1870@test.com,strongPassword123
user1871@test.com,strongPassword123
user1872@test.com,strongPassword123
user1873@test.com,strongPassword123
user1874@test.com,strongPassword123
user1875@test.com,strongPassword123
user1876@test.com,strongPassword123
user1877@test.com,strongPassword123
user1878@test.com,strongPassword123
user1879@test.com,strongPassword123
user1880@test.com,strongPassword123
user1881@test.com,strongPassword123
user1882@test.com,strongPassword123
user1883@test.com,strongPassword123
user1884@test.com,strongPassword123
user1885@test.com,strongPassword123
user1886@test.com,strongPassword123
user1887@test.com,strongPassword123
user1888@test.com,strongPassword123
user1889@test.com,strongPassword123
user1890@test.com,strongPassword123
user1891@test.com,strongPassword123
user1892@test.com,strongPassword123
user1893@test.com,strongPassword123
user1894@test.com,strongPassword123
user1895@test.com,strongPassword123
user1896@test.com,strongPassword123
user1897@test.com,strongPassword123
user1898@test.com,strongPassword123
user1899@test.com,strongPassword123
user1900@test.com,strongPassword123
user1901@test.com,strongPassword123
user1902@test.com,strongPassword123
user1903@test.com,strongPassword123
user1904@test.com,strongPassword123
user1905@test.com,strongPassword123
user1906@test.com,strongPassword123
user1907@test.com,strongPassword123
user1908@test.com,strongPassword123
user1909@test.com,strongPassword123
user1910@test.com,strongPassword123
user1911@test.com,strongPassword123
user1912@test.com,strongPassword123
user1913@test.com,strongPassword123
user1914@test.com,strongPassword123
user1915@test.com,strongPassword123
user1916@test.com,strongPassword123
user1917@test.com,strongPassword123
user1918@test.com,strongPassword123
user1919@test.com,strongPassword123
user1920@test.com,strongPassword123
user1921@test.com,strongPassword123
user1922@test.com,strongPassword123
user1923@test.com,strongPassword123
user1924@test.com,strongPassword123
user1925@test.com,strongPassword123
user1926@test.com,strongPassword123
user1927@test.com,strongPassword123
user1928@test.com,strongPassword123
user1929@test.com,strongPassword123
user1930@test.com,strongPassword123
user1931@test.com,strongPassword123
user1932@test.com,strongPassword123
user1933@test.com,strongPassword123
user1934@test.com,strongPassword123
user1935@test.com,strongPassword123
user1936@test.com,strongPassword123
user1937@test.com,strongPassword123
user1938@test.com,strongPassword123
user1939@test.com,strongPassword123
user1940@test.com,strongPassword123
user1941@test.com,strongPassword123
user1942@test.com,strongPassword123
user1943@test.com,strongPassword123
user1944@test.com,strongPassword123
user1945@test.com,strongPassword123
user1946@test.com,strongPassword123
user1947@test.com,strongPassword123
user1948@test.com,strongPassword123
user1949@test.com,strongPassword123
user1950@test.com,strongPassword123
user1951@test.com,strongPassword123
user1952@test.com,strongPassword123
user1953@test.com,strongPassword123
user1954@test.com,strongPassword123
user1955@test.com,strongPassword123
user1956@test.com,strongPassword123
user1957@test.com,strongPassword123
user1958@test.com,strongPassword123
user1959@test.com,strongPassword123
user1960@test.com,strongPassword123
user1961@test.com,strongPassword123
user1962@test.com,strongPassword123
user1963@test.com,strongPassword123
user1964@test.com,strongPassword123
user1965@test.com,strongPassword123
user1966@test.com,strongPassword123
user1967@test.com,strongPassword123
user1968@test.com,strongPassword123
user1969@test.com,strongPassword123
user1970@test.com,strongPassword123
user1971@test.com,strongPassword123
user1972@test.com,strongPassword123
user1973@test.com,strongPassword123
user1974@test.com,strongPassword123
user1975@test.com,strongPassword123
user1976@test.com,strongPassword123
user1977@test.com,strongPassword123
user1978@test.com,strongPassword123
user1979@test.com,strongPassword123
user1980@test.com,strongPassword123
user1981@test.com,strongPassword123
user1982@test.com,strongPassword123
user1983@test.com,strongPassword123
user1984@test.com,strongPassword123
user1985@test.com,strongPassword123
user1986@test.com,strongPassword123
user1987@test.com,strongPassword123
user1988@test.com,strongPassword123
user1989@test.com,strongPassword123
user1990@test.com,strongPassword123
user1991@test.com,strongPassword123
user1992@test.com,strongPassword123
user1993@test.com,strongPassword123
user1994@test.com,strongPassword123
user1995@test.com,strongPassword123
user1996@test.com,strongPassword123
user1997@test.com,strongPassword123
user1998@test.com,strongPassword123
user1999@test.com,strongPassword123
user2000@test.com,strongPassword123
